name,address,note
vec_000,0x00FFFE00,autogenerated from vector table
vec_001,0x0000450A,autogenerated from vector table
vec_002,0x00004500,autogenerated from vector table
vec_003,0x00004500,autogenerated from vector table
vec_004,0x00004500,autogenerated from vector table
vec_005,0x00004500,autogenerated from vector table
vec_006,0x00004500,autogenerated from vector table
vec_007,0x00004500,autogenerated from vector table
vec_008,0x00004500,autogenerated from vector table
vec_009,0x00004500,autogenerated from vector table
vec_010,0x00004500,autogenerated from vector table
vec_011,0x00004500,autogenerated from vector table
vec_012,0x00004500,autogenerated from vector table
vec_013,0x00004500,autogenerated from vector table
vec_014,0x00004500,autogenerated from vector table
vec_015,0x00004500,autogenerated from vector table
vec_016,0x00004500,autogenerated from vector table
vec_017,0x00004500,autogenerated from vector table
vec_018,0x00004500,autogenerated from vector table
vec_019,0x00004500,autogenerated from vector table
vec_020,0x00004500,autogenerated from vector table
vec_021,0x00004500,autogenerated from vector table
vec_022,0x00004500,autogenerated from vector table
vec_023,0x00004500,autogenerated from vector table
vec_024,0x00004500,autogenerated from vector table
vec_025,0x00004500,autogenerated from vector table
vec_026,0x00004500,autogenerated from vector table
vec_027,0x00004500,autogenerated from vector table
vec_028,0x0000483E,autogenerated from vector table
vec_029,0x00004500,autogenerated from vector table
vec_030,0x0000482E,autogenerated from vector table
vec_031,0x00004500,autogenerated from vector table
vec_032,0x00000000,autogenerated from vector table
vec_033,0x00000000,autogenerated from vector table
vec_034,0x00000000,autogenerated from vector table
vec_035,0x00000000,autogenerated from vector table
vec_036,0x00000000,autogenerated from vector table
vec_037,0x00000000,autogenerated from vector table
vec_038,0x00000000,autogenerated from vector table
vec_039,0x00000000,autogenerated from vector table
vec_040,0x00000000,autogenerated from vector table
vec_041,0x00000000,autogenerated from vector table
vec_042,0x00000000,autogenerated from vector table
vec_043,0x00000000,autogenerated from vector table
vec_044,0x00000000,autogenerated from vector table
vec_045,0x00000000,autogenerated from vector table
vec_046,0x00000000,autogenerated from vector table
vec_047,0x00000000,autogenerated from vector table
vec_048,0x00000000,autogenerated from vector table
vec_049,0x00000000,autogenerated from vector table
vec_050,0x00000000,autogenerated from vector table
vec_051,0x00000000,autogenerated from vector table
vec_052,0x00000000,autogenerated from vector table
vec_053,0x00000000,autogenerated from vector table
vec_054,0x00000000,autogenerated from vector table
vec_055,0x00000000,autogenerated from vector table
vec_056,0x00000000,autogenerated from vector table
vec_057,0x00000000,autogenerated from vector table
vec_058,0x00000000,autogenerated from vector table
vec_059,0x00000000,autogenerated from vector table
vec_060,0x00000000,autogenerated from vector table
vec_061,0x00000000,autogenerated from vector table
vec_062,0x00000000,autogenerated from vector table
vec_063,0x00000000,autogenerated from vector table
vec_064,0x53454741,autogenerated from vector table
vec_065,0x204D4547,autogenerated from vector table
vec_066,0x41204452,autogenerated from vector table
vec_067,0x49564520,autogenerated from vector table
vec_068,0x28432954,autogenerated from vector table
vec_069,0x2D323420,autogenerated from vector table
vec_070,0x31393931,autogenerated from vector table
vec_071,0x2E415547,autogenerated from vector table
vec_072,0x83898393,autogenerated from vector table
vec_073,0x834F838A,autogenerated from vector table
vec_074,0x83628354,autogenerated from vector table
vec_075,0x815B2020,autogenerated from vector table
vec_076,0x20202020,autogenerated from vector table
vec_077,0x20202020,autogenerated from vector table
vec_078,0x20202020,autogenerated from vector table
vec_079,0x20202020,autogenerated from vector table
vec_080,0x20202020,autogenerated from vector table
vec_081,0x20202020,autogenerated from vector table
vec_082,0x20202020,autogenerated from vector table
vec_083,0x20202020,autogenerated from vector table
vec_084,0x57415253,autogenerated from vector table
vec_085,0x4F4E4720,autogenerated from vector table
vec_086,0x20202020,autogenerated from vector table
vec_087,0x20202020,autogenerated from vector table
vec_088,0x20202020,autogenerated from vector table
vec_089,0x20202020,autogenerated from vector table
vec_090,0x20202020,autogenerated from vector table
vec_091,0x20202020,autogenerated from vector table
vec_092,0x20202020,autogenerated from vector table
vec_093,0x20202020,autogenerated from vector table
vec_094,0x20202020,autogenerated from vector table
vec_095,0x20202020,autogenerated from vector table
vec_096,0x474D2054,autogenerated from vector table
vec_097,0x2D323430,autogenerated from vector table
vec_098,0x3436202D,autogenerated from vector table
vec_099,0x30307E15,autogenerated from vector table
vec_100,0x4A202020,autogenerated from vector table
vec_101,0x20202020,autogenerated from vector table
vec_102,0x20202020,autogenerated from vector table
vec_103,0x20202020,autogenerated from vector table
vec_104,0x00000000,autogenerated from vector table
vec_105,0x0007FFFF,autogenerated from vector table
vec_106,0x00FF0000,autogenerated from vector table
vec_107,0x00FFFFFF,autogenerated from vector table
vec_108,0x5241F820,autogenerated from vector table
vec_109,0x00200001,autogenerated from vector table
vec_110,0x00203FFF,autogenerated from vector table
vec_111,0x20202020,autogenerated from vector table
vec_112,0x20202020,autogenerated from vector table
vec_113,0x20202020,autogenerated from vector table
vec_114,0x20202020,autogenerated from vector table
vec_115,0x20202020,autogenerated from vector table
vec_116,0x20202020,autogenerated from vector table
vec_117,0x20202020,autogenerated from vector table
vec_118,0x20202020,autogenerated from vector table
vec_119,0x20202020,autogenerated from vector table
vec_120,0x20202020,autogenerated from vector table
vec_121,0x20202020,autogenerated from vector table
vec_122,0x20202020,autogenerated from vector table
vec_123,0x20202020,autogenerated from vector table
vec_124,0x55202020,autogenerated from vector table
vec_125,0x20202020,autogenerated from vector table
vec_126,0x20202020,autogenerated from vector table
vec_127,0x20202020,autogenerated from vector table
